{"cameraMode":{"drawMode":0,"name":"Shaded","section":"Shading Mode"},"sceneLighting":true,"audioPlay":false,"sceneViewState":{"showFog":true,"showMaterialUpdate":false,"showSkybox":true,"showFlares":true,"showImageEffects":true,"showParticleSystems":true},"in2DMode":false,"pivot":{"x":-132.7474365234375,"y":22.137798309326173,"z":9.29537296295166},"rotation":{"x":0.028383921831846238,"y":0.8701737523078919,"z":-0.05045764148235321,"w":0.4904495179653168},"size":3.809065341949463,"orthographic":false}