{"cameraMode":{"drawMode":0,"name":"Shaded","section":"Shading Mode"},"sceneLighting":true,"audioPlay":false,"sceneViewState":{"showFog":true,"showMaterialUpdate":false,"showSkybox":true,"showFlares":true,"showImageEffects":true,"showParticleSystems":true},"in2DMode":false,"pivot":{"x":-63.06917953491211,"y":1.4990859031677247,"z":-61.022029876708987},"rotation":{"x":-0.23250025510787965,"y":0.6730661392211914,"z":-0.2370905578136444,"w":-0.6612595915794373},"size":22.0,"orthographic":false}