{"cameraMode":{"drawMode":0,"name":"Shaded","section":"Shading Mode"},"sceneLighting":true,"audioPlay":false,"sceneViewState":{"showFog":true,"showMaterialUpdate":false,"showSkybox":true,"showFlares":true,"showImageEffects":true,"showParticleSystems":true},"in2DMode":false,"pivot":{"x":17.91133689880371,"y":12.516887664794922,"z":11.481264114379883},"rotation":{"x":-0.16668112576007844,"y":0.678917407989502,"z":-0.1605471521615982,"w":-0.697673499584198},"size":8.155731201171875,"orthographic":false}