{"cameraMode":{"drawMode":0,"name":"Shaded","section":"Shading Mode"},"sceneLighting":false,"audioPlay":false,"sceneViewState":{"showFog":true,"showMaterialUpdate":false,"showSkybox":false,"showFlares":true,"showImageEffects":true,"showParticleSystems":true},"in2DMode":false,"pivot":{"x":-59.25405502319336,"y":-1.1995491981506348,"z":-54.13749694824219},"rotation":{"x":0.04444904997944832,"y":-0.6616341471672058,"z":0.039354290813207629,"w":0.7475478649139404},"size":58.37543869018555,"orthographic":false}