{"cameraMode":{"drawMode":0,"name":"Shaded","section":"Shading Mode"},"sceneLighting":true,"audioPlay":false,"sceneViewState":{"showFog":true,"showMaterialUpdate":false,"showSkybox":true,"showFlares":true,"showImageEffects":true,"showParticleSystems":true},"in2DMode":false,"pivot":{"x":-28.752527236938478,"y":19.503257751464845,"z":11.705097198486329},"rotation":{"x":-0.09648348391056061,"y":-0.8660858273506165,"z":0.183517724275589,"w":-0.45527514815330508},"size":22.0,"orthographic":false}