{"cameraMode":{"drawMode":0,"name":"Shaded","section":"Shading Mode"},"sceneLighting":true,"audioPlay":false,"sceneViewState":{"showFog":true,"showMaterialUpdate":false,"showSkybox":false,"showFlares":true,"showImageEffects":true,"showParticleSystems":true},"in2DMode":false,"pivot":{"x":-59.880638122558597,"y":7.077469825744629,"z":-42.14577865600586},"rotation":{"x":0.22398902475833894,"y":0.1889820545911789,"z":-0.04518088698387146,"w":0.9556570053100586},"size":52.033653259277347,"orthographic":false}