{"cameraMode":{"drawMode":0,"name":"Shaded","section":"Shading Mode"},"sceneLighting":true,"audioPlay":false,"sceneViewState":{"showFog":true,"showMaterialUpdate":false,"showSkybox":true,"showFlares":true,"showImageEffects":true,"showParticleSystems":true},"in2DMode":false,"pivot":{"x":0.8975785970687866,"y":1.3616557121276856,"z":-7.658191680908203},"rotation":{"x":-0.17766615748405457,"y":0.11881034076213837,"z":-0.018204014748334886,"w":-0.9774940609931946},"size":1.9664324522018433,"orthographic":false}