{"cameraMode":{"drawMode":0,"name":"Shaded","section":"Shading Mode"},"sceneLighting":true,"audioPlay":false,"sceneViewState":{"showFog":true,"showMaterialUpdate":false,"showSkybox":true,"showFlares":true,"showImageEffects":true,"showParticleSystems":true},"in2DMode":false,"pivot":{"x":-7.567005157470703,"y":3.953674793243408,"z":-9.616047859191895},"rotation":{"x":-0.32068079710006716,"y":0.0180440042167902,"z":-0.006574219558387995,"w":-0.9473804235458374},"size":22.0,"orthographic":false}