{"cameraMode":{"drawMode":0,"name":"Shaded","section":"Shading Mode"},"sceneLighting":true,"audioPlay":false,"sceneViewState":{"showFog":true,"showMaterialUpdate":false,"showSkybox":false,"showFlares":true,"showImageEffects":true,"showParticleSystems":true},"in2DMode":false,"pivot":{"x":-25.477657318115236,"y":3.200892686843872,"z":14.22153091430664},"rotation":{"x":-0.07093276083469391,"y":0.6246956586837769,"z":-0.05437016859650612,"w":-0.7768077850341797},"size":42.97203063964844,"orthographic":false}