{"cameraMode":{"drawMode":0,"name":"Shaded","section":"Shading Mode"},"sceneLighting":true,"audioPlay":false,"sceneViewState":{"showFog":true,"showMaterialUpdate":false,"showSkybox":true,"showFlares":true,"showImageEffects":true,"showParticleSystems":true},"in2DMode":false,"pivot":{"x":2.192337989807129,"y":4.496903896331787,"z":-13.96823501586914},"rotation":{"x":0.23732398450374604,"y":-0.2835037112236023,"z":0.0726352408528328,"w":0.9263051748275757},"size":7.0257744789123539,"orthographic":false}