{"cameraMode":{"drawMode":0,"name":"Shaded","section":"Shading Mode"},"sceneLighting":true,"audioPlay":false,"sceneViewState":{"showFog":true,"showMaterialUpdate":false,"showSkybox":false,"showFlares":true,"showImageEffects":true,"showParticleSystems":true},"in2DMode":false,"pivot":{"x":-0.2617197334766388,"y":1.1557315587997437,"z":1.1450906991958619},"rotation":{"x":-0.19347816705703736,"y":0.779649019241333,"z":-0.2897525429725647,"w":-0.5206722021102905},"size":1.5936803817749024,"orthographic":false}