{"cameraMode":{"drawMode":0,"name":"Shaded","section":"Shading Mode"},"sceneLighting":false,"audioPlay":false,"sceneViewState":{"showFog":true,"showMaterialUpdate":false,"showSkybox":true,"showFlares":true,"showImageEffects":true,"showParticleSystems":true},"in2DMode":false,"pivot":{"x":10.131175994873047,"y":6.275043487548828,"z":-0.9879578351974487},"rotation":{"x":-0.202390655875206,"y":0.5337957143783569,"z":-0.13335298001766206,"w":-0.8101453185081482},"size":11.638607025146485,"orthographic":false}